Case,layer_name,MACs,num_cycles,MAC_per_cycle,num_cores,L1_mem,L2_mem,L1_tiling,L2_tiling
Case 1,ReluConvolution0,165888,46998,3.529682,8,64000,256000,9960.0,9960.0
Case 1,ReluConvolution1,55296,42558,1.299309,8,64000,256000,14040.0,14040.0
Case 1,ReluConvolution2,147456,29957,4.922255,8,64000,256000,12960.0,12960.0
Case 1,ReluConvolution3,55296,42522,1.300409,8,64000,256000,14040.0,14040.0
Case 1,ReluConvolution4,294912,54555,5.405774,8,64000,256000,19776.0,19776.0
Case 1,ReluConvolution5,27648,35472,0.779432,8,64000,256000,18864.0,18864.0
Case 1,ReluConvolution6,147456,19259,7.656472,8,64000,256000,8640.0,8640.0
Case 1,ReluConvolution7,27648,24055,1.149366,8,64000,256000,9648.0,9648.0
Case 1,ReluConvolution8,294912,35783,8.241679,8,64000,256000,14208.0,14208.0
Case 1,ReluConvolution9,55296,46951,1.177739,8,64000,256000,19296.0,19296.0
Case 1,ReluConvolution10,589824,53610,11.002127,8,64000,256000,21888.0,21888.0
Case 1,ReluConvolution11,13824,21036,0.657159,8,64000,256000,14688.0,14688.0
Case 1,ReluConvolution12,294912,28836,10.227216,8,64000,256000,23808.0,23808.0
Case 1,ReluConvolution13,27648,30005,0.921446,8,64000,256000,20160.0,20160.0
Case 1,ReluConvolution14,589824,94280,6.256088,8,64000,256000,15408.0,43776.0
Case 1,ReluConvolution15,6912,14689,0.470556,8,64000,256000,17856.0,17856.0
Case 1,ReluConvolution16,294912,93518,3.153532,8,64000,256000,15168.0,77568.0
Case 1,ReluConvolution17,13824,21570,0.64089,8,64000,256000,31104.0,31104.0
Case 1,ReluConvolution18,589824,214174,2.753948,8,64000,256000,26624.0,27904.0
Case 1,ReluConvolution19,13824,21556,0.641306,8,64000,256000,31104.0,31104.0
Case 1,ReluConvolution20,589824,214295,2.752393,8,64000,256000,26624.0,27904.0
Case 1,ReluConvolution21,13824,21538,0.641842,8,64000,256000,31104.0,31104.0
Case 1,ReluConvolution22,1179648,401162,2.940578,8,64000,256000,26624.0,29440.0
Case 1,ReluPooling23,0,32085,0.0,8,64000,256000,3840.0,3840.0
Case 1,FullyConnected24,7680,3337,2.301468,8,64000,256000,8528.0,8528.0
Case 1,ReluConvolution0,165888,85542,1.939258,4,64000,256000,9960.0,9960.0
Case 1,ReluConvolution1,55296,75047,0.736818,4,64000,256000,14040.0,14040.0
Case 1,ReluConvolution2,147456,56249,2.621487,4,64000,256000,12960.0,12960.0
Case 1,ReluConvolution3,55296,75024,0.737044,4,64000,256000,14040.0,14040.0
Case 1,ReluConvolution4,294912,103660,2.844993,4,64000,256000,19776.0,19776.0
Case 1,ReluConvolution5,27648,55987,0.493829,4,64000,256000,18864.0,18864.0
Case 1,ReluConvolution6,147456,35941,4.102724,4,64000,256000,8640.0,8640.0
Case 1,ReluConvolution7,27648,42786,0.646193,4,64000,256000,9648.0,9648.0
Case 1,ReluConvolution8,294912,68022,4.335538,4,64000,256000,14208.0,14208.0
Case 1,ReluConvolution9,55296,83978,0.658458,4,64000,256000,19296.0,19296.0
Case 1,ReluConvolution10,589824,101870,5.789968,4,64000,256000,21888.0,21888.0
Case 1,ReluConvolution11,13824,33817,0.408788,4,64000,256000,14688.0,14688.0
Case 1,ReluConvolution12,294912,52639,5.602538,4,64000,256000,23808.0,23808.0
Case 1,ReluConvolution13,27648,53964,0.512342,4,64000,256000,20160.0,20160.0
Case 1,ReluConvolution14,589824,90626,6.508331,4,64000,256000,15408.0,43776.0
Case 1,ReluConvolution15,6912,24318,0.284234,4,64000,256000,17856.0,17856.0
Case 1,ReluConvolution16,294912,93593,3.151005,4,64000,256000,15168.0,77568.0
Case 1,ReluConvolution17,13824,39077,0.353763,4,64000,256000,31104.0,31104.0
Case 1,ReluConvolution18,589824,214087,2.755067,4,64000,256000,26624.0,27904.0
Case 1,ReluConvolution19,13824,39116,0.35341,4,64000,256000,31104.0,31104.0
Case 1,ReluConvolution20,589824,214331,2.75193,4,64000,256000,26624.0,27904.0
Case 1,ReluConvolution21,13824,39062,0.353899,4,64000,256000,31104.0,31104.0
Case 1,ReluConvolution22,1179648,400900,2.942499,4,64000,256000,26624.0,29440.0
Case 1,ReluPooling23,0,32070,0.0,4,64000,256000,3840.0,3840.0
Case 1,FullyConnected24,7680,4169,1.842168,4,64000,256000,8528.0,8528.0
Case 1,ReluConvolution0,165888,162876,1.018493,2,64000,256000,9960.0,9960.0
Case 1,ReluConvolution1,55296,140206,0.394391,2,64000,256000,14040.0,14040.0
Case 1,ReluConvolution2,147456,108956,1.353354,2,64000,256000,12960.0,12960.0
Case 1,ReluConvolution3,55296,140121,0.39463,2,64000,256000,14040.0,14040.0
Case 1,ReluConvolution4,294912,202808,1.454144,2,64000,256000,19776.0,19776.0
Case 1,ReluConvolution5,27648,97073,0.284817,2,64000,256000,18864.0,18864.0
Case 1,ReluConvolution6,147456,69339,2.126595,2,64000,256000,8640.0,8640.0
Case 1,ReluConvolution7,27648,80138,0.345005,2,64000,256000,9648.0,9648.0
Case 1,ReluConvolution8,294912,132743,2.221677,2,64000,256000,14208.0,14208.0
Case 1,ReluConvolution9,55296,158420,0.349047,2,64000,256000,19296.0,19296.0
Case 1,ReluConvolution10,589824,199271,2.959909,2,64000,256000,21888.0,21888.0
Case 1,ReluConvolution11,13824,59484,0.232399,2,64000,256000,14688.0,14688.0
Case 1,ReluConvolution12,294912,100892,2.923046,2,64000,256000,23808.0,23808.0
Case 1,ReluConvolution13,27648,101645,0.272005,2,64000,256000,20160.0,20160.0
Case 1,ReluConvolution14,589824,173332,3.402857,2,64000,256000,15408.0,43776.0
Case 1,ReluConvolution15,6912,43433,0.159142,2,64000,256000,17856.0,17856.0
Case 1,ReluConvolution16,294912,89883,3.281065,2,64000,256000,15168.0,77568.0
Case 1,ReluConvolution17,13824,74128,0.186488,2,64000,256000,31104.0,31104.0
Case 1,ReluConvolution18,589824,202602,2.911245,2,64000,256000,26624.0,27904.0
Case 1,ReluConvolution19,13824,74127,0.186491,2,64000,256000,31104.0,31104.0
Case 1,ReluConvolution20,589824,202739,2.909277,2,64000,256000,26624.0,27904.0
Case 1,ReluConvolution21,13824,74105,0.186546,2,64000,256000,31104.0,31104.0
Case 1,ReluConvolution22,1179648,377513,3.124788,2,64000,256000,26624.0,29440.0
Case 1,ReluPooling23,0,32089,0.0,2,64000,256000,3840.0,3840.0
Case 1,FullyConnected24,7680,5505,1.395095,2,64000,256000,8528.0,8528.0
Case 1,ReluConvolution0,165888,46924,3.535249,8,64000,320000,9960.0,9960.0
Case 1,ReluConvolution1,55296,42574,1.298821,8,64000,320000,14040.0,14040.0
Case 1,ReluConvolution2,147456,29937,4.925544,8,64000,320000,12960.0,12960.0
Case 1,ReluConvolution3,55296,42490,1.301389,8,64000,320000,14040.0,14040.0
Case 1,ReluConvolution4,294912,54505,5.410733,8,64000,320000,19776.0,19776.0
Case 1,ReluConvolution5,27648,35395,0.781127,8,64000,320000,18864.0,18864.0
Case 1,ReluConvolution6,147456,19301,7.639812,8,64000,320000,8640.0,8640.0
Case 1,ReluConvolution7,27648,24166,1.144087,8,64000,320000,9648.0,9648.0
Case 1,ReluConvolution8,294912,35810,8.235465,8,64000,320000,14208.0,14208.0
Case 1,ReluConvolution9,55296,46902,1.178969,8,64000,320000,19296.0,19296.0
Case 1,ReluConvolution10,589824,53533,11.017952,8,64000,320000,21888.0,21888.0
Case 1,ReluConvolution11,13824,21044,0.656909,8,64000,320000,14688.0,14688.0
Case 1,ReluConvolution12,294912,28855,10.220482,8,64000,320000,23808.0,23808.0
Case 1,ReluConvolution13,27648,29969,0.922553,8,64000,320000,20160.0,20160.0
Case 1,ReluConvolution14,589824,94235,6.259076,8,64000,320000,15408.0,43776.0
Case 1,ReluConvolution15,6912,14629,0.472486,8,64000,320000,17856.0,17856.0
Case 1,ReluConvolution16,294912,93482,3.154746,8,64000,320000,15168.0,77568.0
Case 1,ReluConvolution17,13824,21505,0.642827,8,64000,320000,31104.0,31104.0
Case 1,ReluConvolution18,589824,176116,3.349065,8,64000,320000,12512.0,152064.0
Case 1,ReluConvolution19,13824,21552,0.641425,8,64000,320000,31104.0,31104.0
Case 1,ReluConvolution20,589824,176038,3.350549,8,64000,320000,12512.0,152064.0
Case 1,ReluConvolution21,13824,21530,0.642081,8,64000,320000,31104.0,31104.0
Case 1,ReluConvolution22,1179648,400993,2.941817,8,64000,320000,26624.0,29440.0
Case 1,ReluPooling23,0,32089,0.0,8,64000,320000,3840.0,3840.0
Case 1,FullyConnected24,7680,3342,2.298025,8,64000,320000,8528.0,8528.0
Case 1,ReluConvolution0,165888,85545,1.93919,4,64000,320000,9960.0,9960.0
Case 1,ReluConvolution1,55296,75043,0.736858,4,64000,320000,14040.0,14040.0
Case 1,ReluConvolution2,147456,56237,2.622046,4,64000,320000,12960.0,12960.0
Case 1,ReluConvolution3,55296,74986,0.737418,4,64000,320000,14040.0,14040.0
Case 1,ReluConvolution4,294912,103632,2.845762,4,64000,320000,19776.0,19776.0
Case 1,ReluConvolution5,27648,55918,0.494438,4,64000,320000,18864.0,18864.0
Case 1,ReluConvolution6,147456,35885,4.109127,4,64000,320000,8640.0,8640.0
Case 1,ReluConvolution7,27648,42724,0.64713,4,64000,320000,9648.0,9648.0
Case 1,ReluConvolution8,294912,68012,4.336176,4,64000,320000,14208.0,14208.0
Case 1,ReluConvolution9,55296,84033,0.658027,4,64000,320000,19296.0,19296.0
Case 1,ReluConvolution10,589824,101817,5.792982,4,64000,320000,21888.0,21888.0
Case 1,ReluConvolution11,13824,33790,0.409115,4,64000,320000,14688.0,14688.0
Case 1,ReluConvolution12,294912,52762,5.589477,4,64000,320000,23808.0,23808.0
Case 1,ReluConvolution13,27648,53983,0.512161,4,64000,320000,20160.0,20160.0
Case 1,ReluConvolution14,589824,90621,6.50869,4,64000,320000,15408.0,43776.0
Case 1,ReluConvolution15,6912,24312,0.284304,4,64000,320000,17856.0,17856.0
Case 1,ReluConvolution16,294912,93514,3.153667,4,64000,320000,15168.0,77568.0
Case 1,ReluConvolution17,13824,39027,0.354216,4,64000,320000,31104.0,31104.0
Case 1,ReluConvolution18,589824,175889,3.353388,4,64000,320000,12512.0,152064.0
Case 1,ReluConvolution19,13824,38966,0.354771,4,64000,320000,31104.0,31104.0
Case 1,ReluConvolution20,589824,175875,3.353655,4,64000,320000,12512.0,152064.0
Case 1,ReluConvolution21,13824,38967,0.354762,4,64000,320000,31104.0,31104.0
Case 1,ReluConvolution22,1179648,401034,2.941516,4,64000,320000,26624.0,29440.0
Case 1,ReluPooling23,0,32081,0.0,4,64000,320000,3840.0,3840.0
Case 1,FullyConnected24,7680,4217,1.8212,4,64000,320000,8528.0,8528.0
Case 1,ReluConvolution0,165888,162893,1.018386,2,64000,320000,9960.0,9960.0
Case 1,ReluConvolution1,55296,140036,0.39487,2,64000,320000,14040.0,14040.0
Case 1,ReluConvolution2,147456,108978,1.35308,2,64000,320000,12960.0,12960.0
Case 1,ReluConvolution3,55296,140039,0.394861,2,64000,320000,14040.0,14040.0
Case 1,ReluConvolution4,294912,202816,1.454086,2,64000,320000,19776.0,19776.0
Case 1,ReluConvolution5,27648,97051,0.284881,2,64000,320000,18864.0,18864.0
Case 1,ReluConvolution6,147456,69295,2.127946,2,64000,320000,8640.0,8640.0
Case 1,ReluConvolution7,27648,80103,0.345156,2,64000,320000,9648.0,9648.0
Case 1,ReluConvolution8,294912,132720,2.222061,2,64000,320000,14208.0,14208.0
Case 1,ReluConvolution9,55296,158383,0.349128,2,64000,320000,19296.0,19296.0
Case 1,ReluConvolution10,589824,199267,2.959968,2,64000,320000,21888.0,21888.0
Case 1,ReluConvolution11,13824,59461,0.232489,2,64000,320000,14688.0,14688.0
Case 1,ReluConvolution12,294912,100896,2.92293,2,64000,320000,23808.0,23808.0
Case 1,ReluConvolution13,27648,101784,0.271634,2,64000,320000,20160.0,20160.0
Case 1,ReluConvolution14,589824,173503,3.399503,2,64000,320000,15408.0,43776.0
Case 1,ReluConvolution15,6912,43461,0.159039,2,64000,320000,17856.0,17856.0
Case 1,ReluConvolution16,294912,89873,3.28143,2,64000,320000,15168.0,77568.0
Case 1,ReluConvolution17,13824,74149,0.186435,2,64000,320000,31104.0,31104.0
Case 1,ReluConvolution18,589824,166897,3.53406,2,64000,320000,12512.0,152064.0
Case 1,ReluConvolution19,13824,74082,0.186604,2,64000,320000,31104.0,31104.0
Case 1,ReluConvolution20,589824,167189,3.527888,2,64000,320000,12512.0,152064.0
Case 1,ReluConvolution21,13824,74147,0.18644,2,64000,320000,31104.0,31104.0
Case 1,ReluConvolution22,1179648,377743,3.122885,2,64000,320000,26624.0,29440.0
Case 1,ReluPooling23,0,32153,0.0,2,64000,320000,3840.0,3840.0
Case 1,FullyConnected24,7680,5542,1.385781,2,64000,320000,8528.0,8528.0
Case 1,ReluConvolution0,165888,47010,3.528781,8,64000,512000,9960.0,9960.0
Case 1,ReluConvolution1,55296,42573,1.298851,8,64000,512000,14040.0,14040.0
Case 1,ReluConvolution2,147456,29929,4.92686,8,64000,512000,12960.0,12960.0
Case 1,ReluConvolution3,55296,42547,1.299645,8,64000,512000,14040.0,14040.0
Case 1,ReluConvolution4,294912,54517,5.409542,8,64000,512000,19776.0,19776.0
Case 1,ReluConvolution5,27648,35418,0.78062,8,64000,512000,18864.0,18864.0
Case 1,ReluConvolution6,147456,19247,7.661246,8,64000,512000,8640.0,8640.0
Case 1,ReluConvolution7,27648,24134,1.145604,8,64000,512000,9648.0,9648.0
Case 1,ReluConvolution8,294912,35827,8.231557,8,64000,512000,14208.0,14208.0
Case 1,ReluConvolution9,55296,46909,1.178793,8,64000,512000,19296.0,19296.0
Case 1,ReluConvolution10,589824,53516,11.021452,8,64000,512000,21888.0,21888.0
Case 1,ReluConvolution11,13824,21035,0.65719,8,64000,512000,14688.0,14688.0
Case 1,ReluConvolution12,294912,28934,10.192576,8,64000,512000,23808.0,23808.0
Case 1,ReluConvolution13,27648,29982,0.922153,8,64000,512000,20160.0,20160.0
Case 1,ReluConvolution14,589824,94303,6.254562,8,64000,512000,15408.0,43776.0
Case 1,ReluConvolution15,6912,14694,0.470396,8,64000,512000,17856.0,17856.0
Case 1,ReluConvolution16,294912,93574,3.151645,8,64000,512000,15168.0,77568.0
Case 1,ReluConvolution17,13824,21561,0.641158,8,64000,512000,31104.0,31104.0
Case 1,ReluConvolution18,589824,176087,3.349617,8,64000,512000,12512.0,152064.0
Case 1,ReluConvolution19,13824,21572,0.640831,8,64000,512000,31104.0,31104.0
Case 1,ReluConvolution20,589824,176072,3.349902,8,64000,512000,12512.0,152064.0
Case 1,ReluConvolution21,13824,21551,0.641455,8,64000,512000,31104.0,31104.0
Case 1,ReluConvolution22,1179648,349553,3.374733,8,64000,512000,12512.0,302592.0
Case 1,ReluPooling23,0,32092,0.0,8,64000,512000,3840.0,3840.0
Case 1,FullyConnected24,7680,3336,2.302158,8,64000,512000,8528.0,8528.0
Case 1,ReluConvolution0,165888,85522,1.939711,4,64000,512000,9960.0,9960.0
Case 1,ReluConvolution1,55296,74920,0.738067,4,64000,512000,14040.0,14040.0
Case 1,ReluConvolution2,147456,56234,2.622186,4,64000,512000,12960.0,12960.0
Case 1,ReluConvolution3,55296,74930,0.737969,4,64000,512000,14040.0,14040.0
Case 1,ReluConvolution4,294912,103695,2.844033,4,64000,512000,19776.0,19776.0
Case 1,ReluConvolution5,27648,55939,0.494253,4,64000,512000,18864.0,18864.0
Case 1,ReluConvolution6,147456,35874,4.110386,4,64000,512000,8640.0,8640.0
Case 1,ReluConvolution7,27648,42734,0.646979,4,64000,512000,9648.0,9648.0
Case 1,ReluConvolution8,294912,67939,4.340835,4,64000,512000,14208.0,14208.0
Case 1,ReluConvolution9,55296,84156,0.657065,4,64000,512000,19296.0,19296.0
Case 1,ReluConvolution10,589824,101764,5.795999,4,64000,512000,21888.0,21888.0
Case 1,ReluConvolution11,13824,33913,0.407631,4,64000,512000,14688.0,14688.0
Case 1,ReluConvolution12,294912,52763,5.589371,4,64000,512000,23808.0,23808.0
Case 1,ReluConvolution13,27648,53871,0.513226,4,64000,512000,20160.0,20160.0
Case 1,ReluConvolution14,589824,90880,6.490141,4,64000,512000,15408.0,43776.0
Case 1,ReluConvolution15,6912,24304,0.284398,4,64000,512000,17856.0,17856.0
Case 1,ReluConvolution16,294912,93563,3.152015,4,64000,512000,15168.0,77568.0
Case 1,ReluConvolution17,13824,38988,0.354571,4,64000,512000,31104.0,31104.0
Case 1,ReluConvolution18,589824,175996,3.351349,4,64000,512000,12512.0,152064.0
Case 1,ReluConvolution19,13824,39057,0.353944,4,64000,512000,31104.0,31104.0
Case 1,ReluConvolution20,589824,175913,3.35293,4,64000,512000,12512.0,152064.0
Case 1,ReluConvolution21,13824,38970,0.354734,4,64000,512000,31104.0,31104.0
Case 1,ReluConvolution22,1179648,349368,3.37652,4,64000,512000,12512.0,302592.0
Case 1,ReluPooling23,0,32059,0.0,4,64000,512000,3840.0,3840.0
Case 1,FullyConnected24,7680,4194,1.831187,4,64000,512000,8528.0,8528.0
Case 1,ReluConvolution0,165888,162885,1.018436,2,64000,512000,9960.0,9960.0
Case 1,ReluConvolution1,55296,140349,0.393989,2,64000,512000,14040.0,14040.0
Case 1,ReluConvolution2,147456,108997,1.352845,2,64000,512000,12960.0,12960.0
Case 1,ReluConvolution3,55296,140160,0.394521,2,64000,512000,14040.0,14040.0
Case 1,ReluConvolution4,294912,203041,1.452475,2,64000,512000,19776.0,19776.0
Case 1,ReluConvolution5,27648,97058,0.284861,2,64000,512000,18864.0,18864.0
Case 1,ReluConvolution6,147456,69374,2.125523,2,64000,512000,8640.0,8640.0
Case 1,ReluConvolution7,27648,80213,0.344682,2,64000,512000,9648.0,9648.0
Case 1,ReluConvolution8,294912,132590,2.22424,2,64000,512000,14208.0,14208.0
Case 1,ReluConvolution9,55296,158040,0.349886,2,64000,512000,19296.0,19296.0
Case 1,ReluConvolution10,589824,199276,2.959835,2,64000,512000,21888.0,21888.0
Case 1,ReluConvolution11,13824,59514,0.232281,2,64000,512000,14688.0,14688.0
Case 1,ReluConvolution12,294912,100928,2.922004,2,64000,512000,23808.0,23808.0
Case 1,ReluConvolution13,27648,101726,0.271789,2,64000,512000,20160.0,20160.0
Case 1,ReluConvolution14,589824,173471,3.40013,2,64000,512000,15408.0,43776.0
Case 1,ReluConvolution15,6912,43469,0.15901,2,64000,512000,17856.0,17856.0
Case 1,ReluConvolution16,294912,90097,3.273272,2,64000,512000,15168.0,77568.0
Case 1,ReluConvolution17,13824,74107,0.186541,2,64000,512000,31104.0,31104.0
Case 1,ReluConvolution18,589824,167164,3.528415,2,64000,512000,12512.0,152064.0
Case 1,ReluConvolution19,13824,74096,0.186569,2,64000,512000,31104.0,31104.0
Case 1,ReluConvolution20,589824,167161,3.528479,2,64000,512000,12512.0,152064.0
Case 1,ReluConvolution21,13824,74071,0.186632,2,64000,512000,31104.0,31104.0
Case 1,ReluConvolution22,1179648,335124,3.520034,2,64000,512000,12512.0,302592.0
Case 1,ReluPooling23,0,32142,0.0,2,64000,512000,3840.0,3840.0
Case 1,FullyConnected24,7680,5596,1.372409,2,64000,512000,8528.0,8528.0
Case 2,ReluConvolution0,165888,46942,3.533893,8,64000,256000,9960.0,9960.0
Case 2,ReluConvolution1,55296,50287,1.099608,8,64000,256000,10860.0,10860.0
Case 2,ReluConvolution2,147456,44929,3.281978,8,64000,256000,6528.0,6528.0
Case 2,ReluConvolution3,55296,53938,1.025177,8,64000,256000,7788.0,7788.0
Case 2,ReluConvolution4,294912,83783,3.51995,8,64000,256000,9984.0,9984.0
Case 2,ReluConvolution5,27648,31889,0.867007,8,64000,256000,10968.0,10968.0
Case 2,ReluConvolution6,147456,33132,4.450562,8,64000,256000,4416.0,4416.0
Case 2,ReluConvolution7,27648,23212,1.191108,8,64000,256000,6360.0,6360.0
Case 2,ReluConvolution8,294912,63076,4.675503,8,64000,256000,7296.0,7296.0
Case 2,ReluConvolution9,55296,45226,1.22266,8,64000,256000,12720.0,12720.0
Case 2,ReluConvolution10,589824,105857,5.571894,8,64000,256000,11136.0,11136.0
Case 2,ReluConvolution11,13824,18538,0.745712,8,64000,256000,10416.0,10416.0
Case 2,ReluConvolution12,294912,53923,5.469132,8,64000,256000,12288.0,12288.0
Case 2,ReluConvolution13,27648,27539,1.003958,8,64000,256000,16224.0,16224.0
Case 2,ReluConvolution14,589824,97349,6.05886,8,64000,256000,22272.0,22272.0
Case 2,ReluConvolution15,6912,12745,0.54233,8,64000,256000,15072.0,15072.0
Case 2,ReluConvolution16,294912,178292,1.654096,8,64000,256000,15480.0,39552.0
Case 2,ReluConvolution17,0,40694,0.0,8,64000,256000,36032.0,27840.0
Case 2,ReluConvolution18,0,2382246,0.0,8,64000,256000,20840.0,76800.0
Case 2,ReluConvolution19,0,40582,0.0,8,64000,256000,36032.0,27840.0
Case 2,ReluConvolution20,0,2426710,0.0,8,64000,256000,20840.0,76800.0
Case 2,ReluConvolution21,0,40101,0.0,8,64000,256000,36032.0,27840.0
Case 2,ReluConvolution22,0,4936209,0.0,8,64000,256000,34304.0,27392.0
Case 2,ReluPooling23,0,22972,0.0,8,64000,256000,1920.0,1920.0
Case 2,FullyConnected24,7680,4295,1.788126,8,64000,256000,8144.0,8144.0
Case 2,ReluConvolution0,165888,85482,1.940619,4,64000,256000,9960.0,9960.0
Case 2,ReluConvolution1,55296,70724,0.781856,4,64000,256000,10860.0,10860.0
Case 2,ReluConvolution2,147456,87118,1.692601,4,64000,256000,6528.0,6528.0
Case 2,ReluConvolution3,55296,77586,0.712706,4,64000,256000,7788.0,7788.0
Case 2,ReluConvolution4,294912,163656,1.802024,4,64000,256000,9984.0,9984.0
Case 2,ReluConvolution5,27648,55119,0.501606,4,64000,256000,10968.0,10968.0
Case 2,ReluConvolution6,147456,64030,2.302921,4,64000,256000,4416.0,4416.0
Case 2,ReluConvolution7,27648,42677,0.647843,4,64000,256000,6360.0,6360.0
Case 2,ReluConvolution8,294912,123247,2.392853,4,64000,256000,7296.0,7296.0
Case 2,ReluConvolution9,55296,84036,0.658004,4,64000,256000,12720.0,12720.0
Case 2,ReluConvolution10,589824,208407,2.830154,4,64000,256000,11136.0,11136.0
Case 2,ReluConvolution11,13824,32003,0.43196,4,64000,256000,10416.0,10416.0
Case 2,ReluConvolution12,294912,104676,2.817379,4,64000,256000,12288.0,12288.0
Case 2,ReluConvolution13,27648,50676,0.545584,4,64000,256000,16224.0,16224.0
Case 2,ReluConvolution14,589824,189814,3.107379,4,64000,256000,22272.0,22272.0
Case 2,ReluConvolution15,6912,21913,0.315429,4,64000,256000,15072.0,15072.0
Case 2,ReluConvolution16,294912,178569,1.65153,4,64000,256000,15480.0,39552.0
Case 2,ReluConvolution17,0,76877,0.0,4,64000,256000,36032.0,27840.0
Case 2,ReluConvolution18,0,2382268,0.0,4,64000,256000,20840.0,76800.0
Case 2,ReluConvolution19,0,76996,0.0,4,64000,256000,36032.0,27840.0
Case 2,ReluConvolution20,0,2426607,0.0,4,64000,256000,20840.0,76800.0
Case 2,ReluConvolution21,0,76146,0.0,4,64000,256000,36032.0,27840.0
Case 2,ReluConvolution22,0,4936274,0.0,4,64000,256000,34304.0,27392.0
Case 2,ReluPooling23,0,23008,0.0,4,64000,256000,1920.0,1920.0
Case 2,FullyConnected24,7680,6106,1.257779,4,64000,256000,8144.0,8144.0
Case 2,ReluConvolution0,165888,162966,1.01793,2,64000,256000,9960.0,9960.0
Case 2,ReluConvolution1,55296,132565,0.417124,2,64000,256000,10860.0,10860.0
Case 2,ReluConvolution2,147456,171285,0.860881,2,64000,256000,6528.0,6528.0
Case 2,ReluConvolution3,55296,149258,0.370473,2,64000,256000,7788.0,7788.0
Case 2,ReluConvolution4,294912,323963,0.910326,2,64000,256000,9984.0,9984.0
Case 2,ReluConvolution5,27648,101928,0.27125,2,64000,256000,10968.0,10968.0
Case 2,ReluConvolution6,147456,125934,1.170899,2,64000,256000,4416.0,4416.0
Case 2,ReluConvolution7,27648,81806,0.33797,2,64000,256000,6360.0,6360.0
Case 2,ReluConvolution8,294912,243676,1.210263,2,64000,256000,7296.0,7296.0
Case 2,ReluConvolution9,55296,161723,0.341918,2,64000,256000,12720.0,12720.0
Case 2,ReluConvolution10,589824,413522,1.426342,2,64000,256000,11136.0,11136.0
Case 2,ReluConvolution11,13824,59158,0.233679,2,64000,256000,10416.0,10416.0
Case 2,ReluConvolution12,294912,206296,1.429558,2,64000,256000,12288.0,12288.0
Case 2,ReluConvolution13,27648,97225,0.284371,2,64000,256000,16224.0,16224.0
Case 2,ReluConvolution14,589824,375043,1.572684,2,64000,256000,22272.0,22272.0
Case 2,ReluConvolution15,6912,40547,0.170469,2,64000,256000,15072.0,15072.0
Case 2,ReluConvolution16,294912,191778,1.537778,2,64000,256000,15480.0,39552.0
Case 2,ReluConvolution17,0,149989,0.0,2,64000,256000,36032.0,27840.0
Case 2,ReluConvolution18,0,4587489,0.0,2,64000,256000,20840.0,76800.0
Case 2,ReluConvolution19,0,149599,0.0,2,64000,256000,36032.0,27840.0
Case 2,ReluConvolution20,0,4647403,0.0,2,64000,256000,20840.0,76800.0
Case 2,ReluConvolution21,0,148765,0.0,2,64000,256000,36032.0,27840.0
Case 2,ReluConvolution22,0,9472607,0.0,2,64000,256000,34304.0,27392.0
Case 2,ReluPooling23,0,23072,0.0,2,64000,256000,1920.0,1920.0
Case 2,FullyConnected24,7680,8454,0.908446,2,64000,256000,8144.0,8144.0
Case 2,ReluConvolution0,165888,46882,3.538416,8,64000,320000,9960.0,9960.0
Case 2,ReluConvolution1,55296,50197,1.10158,8,64000,320000,10860.0,10860.0
Case 2,ReluConvolution2,147456,44959,3.279788,8,64000,320000,6528.0,6528.0
Case 2,ReluConvolution3,55296,53941,1.02512,8,64000,320000,7788.0,7788.0
Case 2,ReluConvolution4,294912,83744,3.52159,8,64000,320000,9984.0,9984.0
Case 2,ReluConvolution5,27648,31847,0.868151,8,64000,320000,10968.0,10968.0
Case 2,ReluConvolution6,147456,33014,4.466469,8,64000,320000,4416.0,4416.0
Case 2,ReluConvolution7,27648,23275,1.187884,8,64000,320000,6360.0,6360.0
Case 2,ReluConvolution8,294912,62963,4.683894,8,64000,320000,7296.0,7296.0
Case 2,ReluConvolution9,55296,45208,1.223146,8,64000,320000,12720.0,12720.0
Case 2,ReluConvolution10,589824,105884,5.570473,8,64000,320000,11136.0,11136.0
Case 2,ReluConvolution11,13824,18571,0.744386,8,64000,320000,10416.0,10416.0
Case 2,ReluConvolution12,294912,53887,5.472785,8,64000,320000,12288.0,12288.0
Case 2,ReluConvolution13,27648,27448,1.007287,8,64000,320000,16224.0,16224.0
Case 2,ReluConvolution14,589824,97326,6.060292,8,64000,320000,22272.0,22272.0
Case 2,ReluConvolution15,6912,12705,0.544038,8,64000,320000,15072.0,15072.0
Case 2,ReluConvolution16,294912,178379,1.653289,8,64000,320000,15480.0,39552.0
Case 2,ReluConvolution17,0,40681,0.0,8,64000,320000,36032.0,27840.0
Case 2,ReluConvolution18,0,2382249,0.0,8,64000,320000,20840.0,76800.0
Case 2,ReluConvolution19,0,40575,0.0,8,64000,320000,36032.0,27840.0
Case 2,ReluConvolution20,0,2426649,0.0,8,64000,320000,20840.0,76800.0
Case 2,ReluConvolution21,0,40058,0.0,8,64000,320000,36032.0,27840.0
Case 2,ReluConvolution22,0,4899561,0.0,8,64000,320000,20048.0,152832.0
Case 2,ReluPooling23,0,23005,0.0,8,64000,320000,1920.0,1920.0
Case 2,FullyConnected24,7680,4318,1.778601,8,64000,320000,8144.0,8144.0
Case 2,ReluConvolution0,165888,85502,1.940165,4,64000,320000,9960.0,9960.0
Case 2,ReluConvolution1,55296,70783,0.781205,4,64000,320000,10860.0,10860.0
Case 2,ReluConvolution2,147456,87083,1.693281,4,64000,320000,6528.0,6528.0
Case 2,ReluConvolution3,55296,77630,0.712302,4,64000,320000,7788.0,7788.0
Case 2,ReluConvolution4,294912,163701,1.801528,4,64000,320000,9984.0,9984.0
Case 2,ReluConvolution5,27648,55115,0.501642,4,64000,320000,10968.0,10968.0
Case 2,ReluConvolution6,147456,63990,2.30436,4,64000,320000,4416.0,4416.0
Case 2,ReluConvolution7,27648,42696,0.647555,4,64000,320000,6360.0,6360.0
Case 2,ReluConvolution8,294912,123243,2.392931,4,64000,320000,7296.0,7296.0
Case 2,ReluConvolution9,55296,83936,0.658788,4,64000,320000,12720.0,12720.0
Case 2,ReluConvolution10,589824,208409,2.830127,4,64000,320000,11136.0,11136.0
Case 2,ReluConvolution11,13824,31989,0.432149,4,64000,320000,10416.0,10416.0
Case 2,ReluConvolution12,294912,104646,2.818187,4,64000,320000,12288.0,12288.0
Case 2,ReluConvolution13,27648,50698,0.545347,4,64000,320000,16224.0,16224.0
Case 2,ReluConvolution14,589824,189875,3.10638,4,64000,320000,22272.0,22272.0
Case 2,ReluConvolution15,6912,21885,0.315833,4,64000,320000,15072.0,15072.0
Case 2,ReluConvolution16,294912,178515,1.652029,4,64000,320000,15480.0,39552.0
Case 2,ReluConvolution17,0,76824,0.0,4,64000,320000,36032.0,27840.0
Case 2,ReluConvolution18,0,2382144,0.0,4,64000,320000,20840.0,76800.0
Case 2,ReluConvolution19,0,76977,0.0,4,64000,320000,36032.0,27840.0
Case 2,ReluConvolution20,0,2426622,0.0,4,64000,320000,20840.0,76800.0
Case 2,ReluConvolution21,0,76130,0.0,4,64000,320000,36032.0,27840.0
Case 2,ReluConvolution22,0,4899136,0.0,4,64000,320000,20048.0,152832.0
Case 2,ReluPooling23,0,23010,0.0,4,64000,320000,1920.0,1920.0
Case 2,FullyConnected24,7680,6107,1.257573,4,64000,320000,8144.0,8144.0
Case 2,ReluConvolution0,165888,162880,1.018468,2,64000,320000,9960.0,9960.0
Case 2,ReluConvolution1,55296,132588,0.417051,2,64000,320000,10860.0,10860.0
Case 2,ReluConvolution2,147456,171522,0.859691,2,64000,320000,6528.0,6528.0
Case 2,ReluConvolution3,55296,149258,0.370473,2,64000,320000,7788.0,7788.0
Case 2,ReluConvolution4,294912,323905,0.910489,2,64000,320000,9984.0,9984.0
Case 2,ReluConvolution5,27648,101975,0.271125,2,64000,320000,10968.0,10968.0
Case 2,ReluConvolution6,147456,125893,1.17128,2,64000,320000,4416.0,4416.0
Case 2,ReluConvolution7,27648,81756,0.338177,2,64000,320000,6360.0,6360.0
Case 2,ReluConvolution8,294912,243739,1.20995,2,64000,320000,7296.0,7296.0
Case 2,ReluConvolution9,55296,161759,0.341842,2,64000,320000,12720.0,12720.0
Case 2,ReluConvolution10,589824,413602,1.426067,2,64000,320000,11136.0,11136.0
Case 2,ReluConvolution11,13824,59191,0.233549,2,64000,320000,10416.0,10416.0
Case 2,ReluConvolution12,294912,206291,1.429592,2,64000,320000,12288.0,12288.0
Case 2,ReluConvolution13,27648,97287,0.28419,2,64000,320000,16224.0,16224.0
Case 2,ReluConvolution14,589824,380907,1.548472,2,64000,320000,22272.0,22272.0
Case 2,ReluConvolution15,6912,40571,0.170368,2,64000,320000,15072.0,15072.0
Case 2,ReluConvolution16,294912,192601,1.531207,2,64000,320000,15480.0,39552.0
Case 2,ReluConvolution17,0,149989,0.0,2,64000,320000,36032.0,27840.0
Case 2,ReluConvolution18,0,4587474,0.0,2,64000,320000,20840.0,76800.0
Case 2,ReluConvolution19,0,149631,0.0,2,64000,320000,36032.0,27840.0
Case 2,ReluConvolution20,0,4647102,0.0,2,64000,320000,20840.0,76800.0
Case 2,ReluConvolution21,0,148713,0.0,2,64000,320000,36032.0,27840.0
Case 2,ReluConvolution22,0,9442475,0.0,2,64000,320000,20048.0,152832.0
Case 2,ReluPooling23,0,23028,0.0,2,64000,320000,1920.0,1920.0
Case 2,FullyConnected24,7680,8473,0.906409,2,64000,320000,8144.0,8144.0
Case 2,ReluConvolution0,165888,46882,3.538416,8,64000,512000,9960.0,9960.0
Case 2,ReluConvolution1,55296,50197,1.10158,8,64000,512000,10860.0,10860.0
Case 2,ReluConvolution2,147456,44959,3.279788,8,64000,512000,6528.0,6528.0
Case 2,ReluConvolution3,55296,53941,1.02512,8,64000,512000,7788.0,7788.0
Case 2,ReluConvolution4,294912,83744,3.52159,8,64000,512000,9984.0,9984.0
Case 2,ReluConvolution5,27648,31847,0.868151,8,64000,512000,10968.0,10968.0
Case 2,ReluConvolution6,147456,33014,4.466469,8,64000,512000,4416.0,4416.0
Case 2,ReluConvolution7,27648,23275,1.187884,8,64000,512000,6360.0,6360.0
Case 2,ReluConvolution8,294912,62963,4.683894,8,64000,512000,7296.0,7296.0
Case 2,ReluConvolution9,55296,45208,1.223146,8,64000,512000,12720.0,12720.0
Case 2,ReluConvolution10,589824,105884,5.570473,8,64000,512000,11136.0,11136.0
Case 2,ReluConvolution11,13824,18571,0.744386,8,64000,512000,10416.0,10416.0
Case 2,ReluConvolution12,294912,53887,5.472785,8,64000,512000,12288.0,12288.0
Case 2,ReluConvolution13,27648,27448,1.007287,8,64000,512000,16224.0,16224.0
Case 2,ReluConvolution14,589824,97326,6.060292,8,64000,512000,22272.0,22272.0
Case 2,ReluConvolution15,6912,12705,0.544038,8,64000,512000,15072.0,15072.0
Case 2,ReluConvolution16,294912,178379,1.653289,8,64000,512000,15480.0,39552.0
Case 2,ReluConvolution17,0,40681,0.0,8,64000,512000,36032.0,27840.0
Case 2,ReluConvolution18,0,2382249,0.0,8,64000,512000,20840.0,76800.0
Case 2,ReluConvolution19,0,40575,0.0,8,64000,512000,36032.0,27840.0
Case 2,ReluConvolution20,0,2426649,0.0,8,64000,512000,20840.0,76800.0
Case 2,ReluConvolution21,0,40058,0.0,8,64000,512000,36032.0,27840.0
Case 2,ReluConvolution22,0,4899561,0.0,8,64000,512000,20048.0,152832.0
Case 2,ReluPooling23,0,23005,0.0,8,64000,512000,1920.0,1920.0
Case 2,FullyConnected24,7680,4318,1.778601,8,64000,512000,8144.0,8144.0
Case 2,ReluConvolution0,165888,85502,1.940165,4,64000,512000,9960.0,9960.0
Case 2,ReluConvolution1,55296,70783,0.781205,4,64000,512000,10860.0,10860.0
Case 2,ReluConvolution2,147456,87083,1.693281,4,64000,512000,6528.0,6528.0
Case 2,ReluConvolution3,55296,77630,0.712302,4,64000,512000,7788.0,7788.0
Case 2,ReluConvolution4,294912,163701,1.801528,4,64000,512000,9984.0,9984.0
Case 2,ReluConvolution5,27648,55115,0.501642,4,64000,512000,10968.0,10968.0
Case 2,ReluConvolution6,147456,63990,2.30436,4,64000,512000,4416.0,4416.0
Case 2,ReluConvolution7,27648,42696,0.647555,4,64000,512000,6360.0,6360.0
Case 2,ReluConvolution8,294912,123243,2.392931,4,64000,512000,7296.0,7296.0
Case 2,ReluConvolution9,55296,83936,0.658788,4,64000,512000,12720.0,12720.0
Case 2,ReluConvolution10,589824,208409,2.830127,4,64000,512000,11136.0,11136.0
Case 2,ReluConvolution11,13824,31989,0.432149,4,64000,512000,10416.0,10416.0
Case 2,ReluConvolution12,294912,104646,2.818187,4,64000,512000,12288.0,12288.0
Case 2,ReluConvolution13,27648,50698,0.545347,4,64000,512000,16224.0,16224.0
Case 2,ReluConvolution14,589824,189875,3.10638,4,64000,512000,22272.0,22272.0
Case 2,ReluConvolution15,6912,21885,0.315833,4,64000,512000,15072.0,15072.0
Case 2,ReluConvolution16,294912,178515,1.652029,4,64000,512000,15480.0,39552.0
Case 2,ReluConvolution17,0,76824,0.0,4,64000,512000,36032.0,27840.0
Case 2,ReluConvolution18,0,2382144,0.0,4,64000,512000,20840.0,76800.0
Case 2,ReluConvolution19,0,76977,0.0,4,64000,512000,36032.0,27840.0
Case 2,ReluConvolution20,0,2426622,0.0,4,64000,512000,20840.0,76800.0
Case 2,ReluConvolution21,0,76130,0.0,4,64000,512000,36032.0,27840.0
Case 2,ReluConvolution22,0,4899136,0.0,4,64000,512000,20048.0,152832.0
Case 2,ReluPooling23,0,23010,0.0,4,64000,512000,1920.0,1920.0
Case 2,FullyConnected24,7680,6107,1.257573,4,64000,512000,8144.0,8144.0
Case 2,ReluConvolution0,165888,162880,1.018468,2,64000,512000,9960.0,9960.0
Case 2,ReluConvolution1,55296,132588,0.417051,2,64000,512000,10860.0,10860.0
Case 2,ReluConvolution2,147456,171522,0.859691,2,64000,512000,6528.0,6528.0
Case 2,ReluConvolution3,55296,149258,0.370473,2,64000,512000,7788.0,7788.0
Case 2,ReluConvolution4,294912,323905,0.910489,2,64000,512000,9984.0,9984.0
Case 2,ReluConvolution5,27648,101975,0.271125,2,64000,512000,10968.0,10968.0
Case 2,ReluConvolution6,147456,125893,1.17128,2,64000,512000,4416.0,4416.0
Case 2,ReluConvolution7,27648,81756,0.338177,2,64000,512000,6360.0,6360.0
Case 2,ReluConvolution8,294912,243739,1.20995,2,64000,512000,7296.0,7296.0
Case 2,ReluConvolution9,55296,161759,0.341842,2,64000,512000,12720.0,12720.0
Case 2,ReluConvolution10,589824,413602,1.426067,2,64000,512000,11136.0,11136.0
Case 2,ReluConvolution11,13824,59191,0.233549,2,64000,512000,10416.0,10416.0
Case 2,ReluConvolution12,294912,206291,1.429592,2,64000,512000,12288.0,12288.0
Case 2,ReluConvolution13,27648,97287,0.28419,2,64000,512000,16224.0,16224.0
Case 2,ReluConvolution14,589824,380907,1.548472,2,64000,512000,22272.0,22272.0
Case 2,ReluConvolution15,6912,40571,0.170368,2,64000,512000,15072.0,15072.0
Case 2,ReluConvolution16,294912,192601,1.531207,2,64000,512000,15480.0,39552.0
Case 2,ReluConvolution17,0,149989,0.0,2,64000,512000,36032.0,27840.0
Case 2,ReluConvolution18,0,4587474,0.0,2,64000,512000,20840.0,76800.0
Case 2,ReluConvolution19,0,149631,0.0,2,64000,512000,36032.0,27840.0
Case 2,ReluConvolution20,0,4647102,0.0,2,64000,512000,20840.0,76800.0
Case 2,ReluConvolution21,0,148713,0.0,2,64000,512000,36032.0,27840.0
Case 2,ReluConvolution22,0,9442475,0.0,2,64000,512000,20048.0,152832.0
Case 2,ReluPooling23,0,23028,0.0,2,64000,512000,1920.0,1920.0
Case 2,FullyConnected24,7680,8473,0.906409,2,64000,512000,8144.0,8144.0
Case 3,ReluConvolution0,165888,46930,3.534796,8,64000,256000,9960.0,9960.0
Case 3,ReluConvolution1,55296,42250,1.308781,8,64000,256000,14040.0,14040.0
Case 3,ReluConvolution2,147456,30078,4.902453,8,64000,256000,12960.0,12960.0
Case 3,ReluConvolution3,55296,50318,1.098931,8,64000,256000,10860.0,10860.0
Case 3,ReluConvolution4,294912,83874,3.516131,8,64000,256000,9984.0,9984.0
Case 3,ReluConvolution5,27648,31830,0.868614,8,64000,256000,10968.0,10968.0
Case 3,ReluConvolution6,147456,33107,4.453922,8,64000,256000,4416.0,4416.0
Case 3,ReluConvolution7,27648,23165,1.193525,8,64000,256000,6360.0,6360.0
Case 3,ReluConvolution8,294912,63036,4.67847,8,64000,256000,7296.0,7296.0
Case 3,ReluConvolution9,55296,45257,1.221822,8,64000,256000,12720.0,12720.0
Case 3,ReluConvolution10,589824,105833,5.573158,8,64000,256000,11136.0,11136.0
Case 3,ReluConvolution11,13824,18507,0.746961,8,64000,256000,10416.0,10416.0
Case 3,ReluConvolution12,294912,53967,5.464673,8,64000,256000,12288.0,12288.0
Case 3,ReluConvolution13,0,74858,0.0,8,64000,256000,24416.0,16224.0
Case 3,ReluConvolution14,0,1206324,0.0,8,64000,256000,30464.0,22272.0
Case 3,ReluConvolution15,0,24185,0.0,8,64000,256000,23264.0,15072.0
Case 3,ReluConvolution16,0,1222328,0.0,8,64000,256000,23264.0,39552.0
Case 3,ReluConvolution17,0,41217,0.0,8,64000,256000,36032.0,27840.0
Case 3,ReluConvolution18,0,2374761,0.0,8,64000,256000,20840.0,76800.0
Case 3,ReluConvolution19,0,41560,0.0,8,64000,256000,36032.0,27840.0
Case 3,ReluConvolution20,0,2439679,0.0,8,64000,256000,20840.0,76800.0
Case 3,ReluConvolution21,0,38321,0.0,8,64000,256000,4448.0,2400.0
Case 3,ReluConvolution22,0,4859343,0.0,8,64000,256000,16144.0,76032.0
Case 3,ReluPooling23,0,23009,0.0,8,64000,256000,1920.0,1920.0
Case 3,FullyConnected24,0,32476,0.0,8,64000,256000,12496.0,4304.0
Case 3,ReluConvolution0,165888,85494,1.940347,4,64000,256000,9960.0,9960.0
Case 3,ReluConvolution1,55296,74413,0.743096,4,64000,256000,14040.0,14040.0
Case 3,ReluConvolution2,147456,56360,2.616324,4,64000,256000,12960.0,12960.0
Case 3,ReluConvolution3,55296,70735,0.781735,4,64000,256000,10860.0,10860.0
Case 3,ReluConvolution4,294912,163824,1.800176,4,64000,256000,9984.0,9984.0
Case 3,ReluConvolution5,27648,55137,0.501442,4,64000,256000,10968.0,10968.0
Case 3,ReluConvolution6,147456,64032,2.302849,4,64000,256000,4416.0,4416.0
Case 3,ReluConvolution7,27648,42781,0.646268,4,64000,256000,6360.0,6360.0
Case 3,ReluConvolution8,294912,123210,2.393572,4,64000,256000,7296.0,7296.0
Case 3,ReluConvolution9,55296,84042,0.657957,4,64000,256000,12720.0,12720.0
Case 3,ReluConvolution10,589824,208428,2.829869,4,64000,256000,11136.0,11136.0
Case 3,ReluConvolution11,13824,32054,0.431272,4,64000,256000,10416.0,10416.0
Case 3,ReluConvolution12,294912,104625,2.818753,4,64000,256000,12288.0,12288.0
Case 3,ReluConvolution13,0,144296,0.0,4,64000,256000,24416.0,16224.0
Case 3,ReluConvolution14,0,2372976,0.0,4,64000,256000,30464.0,22272.0
Case 3,ReluConvolution15,0,44126,0.0,4,64000,256000,23264.0,15072.0
Case 3,ReluConvolution16,0,1222521,0.0,4,64000,256000,23264.0,39552.0
Case 3,ReluConvolution17,0,78362,0.0,4,64000,256000,36032.0,27840.0
Case 3,ReluConvolution18,0,2374944,0.0,4,64000,256000,20840.0,76800.0
Case 3,ReluConvolution19,0,78594,0.0,4,64000,256000,36032.0,27840.0
Case 3,ReluConvolution20,0,2439631,0.0,4,64000,256000,20840.0,76800.0
Case 3,ReluConvolution21,0,73045,0.0,4,64000,256000,4448.0,2400.0
Case 3,ReluConvolution22,0,4859390,0.0,4,64000,256000,16144.0,76032.0
Case 3,ReluPooling23,0,22990,0.0,4,64000,256000,1920.0,1920.0
Case 3,FullyConnected24,0,48276,0.0,4,64000,256000,12496.0,4304.0
Case 3,ReluConvolution0,165888,162881,1.018461,2,64000,256000,9960.0,9960.0
Case 3,ReluConvolution1,55296,137862,0.401097,2,64000,256000,14040.0,14040.0
Case 3,ReluConvolution2,147456,109319,1.34886,2,64000,256000,12960.0,12960.0
Case 3,ReluConvolution3,55296,132566,0.417121,2,64000,256000,10860.0,10860.0
Case 3,ReluConvolution4,294912,323600,0.911347,2,64000,256000,9984.0,9984.0
Case 3,ReluConvolution5,27648,102029,0.270982,2,64000,256000,10968.0,10968.0
Case 3,ReluConvolution6,147456,125922,1.171011,2,64000,256000,4416.0,4416.0
Case 3,ReluConvolution7,27648,81794,0.33802,2,64000,256000,6360.0,6360.0
Case 3,ReluConvolution8,294912,243767,1.209811,2,64000,256000,7296.0,7296.0
Case 3,ReluConvolution9,55296,161701,0.341964,2,64000,256000,12720.0,12720.0
Case 3,ReluConvolution10,589824,413577,1.426153,2,64000,256000,11136.0,11136.0
Case 3,ReluConvolution11,13824,59199,0.233517,2,64000,256000,10416.0,10416.0
Case 3,ReluConvolution12,294912,206267,1.429759,2,64000,256000,12288.0,12288.0
Case 3,ReluConvolution13,0,278565,0.0,2,64000,256000,24416.0,16224.0
Case 3,ReluConvolution14,0,4710997,0.0,2,64000,256000,30464.0,22272.0
Case 3,ReluConvolution15,0,84950,0.0,2,64000,256000,23264.0,15072.0
Case 3,ReluConvolution16,0,2363660,0.0,2,64000,256000,23264.0,39552.0
Case 3,ReluConvolution17,0,152563,0.0,2,64000,256000,36032.0,27840.0
Case 3,ReluConvolution18,0,4589923,0.0,2,64000,256000,20840.0,76800.0
Case 3,ReluConvolution19,0,153410,0.0,2,64000,256000,36032.0,27840.0
Case 3,ReluConvolution20,0,4698579,0.0,2,64000,256000,20840.0,76800.0
Case 3,ReluConvolution21,0,143359,0.0,2,64000,256000,4448.0,2400.0
Case 3,ReluConvolution22,0,9426860,0.0,2,64000,256000,16144.0,76032.0
Case 3,ReluPooling23,0,23130,0.0,2,64000,256000,1920.0,1920.0
Case 3,FullyConnected24,0,78654,0.0,2,64000,256000,12496.0,4304.0
Case 3,ReluConvolution0,165888,46995,3.529907,8,64000,320000,9960.0,9960.0
Case 3,ReluConvolution1,55296,42169,1.311295,8,64000,320000,14040.0,14040.0
Case 3,ReluConvolution2,147456,30074,4.903106,8,64000,320000,12960.0,12960.0
Case 3,ReluConvolution3,55296,50328,1.098712,8,64000,320000,10860.0,10860.0
Case 3,ReluConvolution4,294912,83811,3.518774,8,64000,320000,9984.0,9984.0
Case 3,ReluConvolution5,27648,31975,0.864676,8,64000,320000,10968.0,10968.0
Case 3,ReluConvolution6,147456,33116,4.452712,8,64000,320000,4416.0,4416.0
Case 3,ReluConvolution7,27648,23273,1.187986,8,64000,320000,6360.0,6360.0
Case 3,ReluConvolution8,294912,63019,4.679731,8,64000,320000,7296.0,7296.0
Case 3,ReluConvolution9,55296,45157,1.224528,8,64000,320000,12720.0,12720.0
Case 3,ReluConvolution10,589824,105894,5.569947,8,64000,320000,11136.0,11136.0
Case 3,ReluConvolution11,13824,18477,0.748173,8,64000,320000,10416.0,10416.0
Case 3,ReluConvolution12,294912,53903,5.471161,8,64000,320000,12288.0,12288.0
Case 3,ReluConvolution13,0,74761,0.0,8,64000,320000,24416.0,16224.0
Case 3,ReluConvolution14,0,1206392,0.0,8,64000,320000,30464.0,22272.0
Case 3,ReluConvolution15,0,24171,0.0,8,64000,320000,23264.0,15072.0
Case 3,ReluConvolution16,0,1222396,0.0,8,64000,320000,23264.0,39552.0
Case 3,ReluConvolution17,0,41207,0.0,8,64000,320000,36032.0,27840.0
Case 3,ReluConvolution18,0,2374761,0.0,8,64000,320000,20840.0,76800.0
Case 3,ReluConvolution19,0,41631,0.0,8,64000,320000,36032.0,27840.0
Case 3,ReluConvolution20,0,2439618,0.0,8,64000,320000,20840.0,76800.0
Case 3,ReluConvolution21,0,38293,0.0,8,64000,320000,4448.0,2400.0
Case 3,ReluConvolution22,0,4859142,0.0,8,64000,320000,16144.0,76032.0
Case 3,ReluPooling23,0,22978,0.0,8,64000,320000,1920.0,1920.0
Case 3,FullyConnected24,0,32476,0.0,8,64000,320000,12496.0,4304.0
Case 3,ReluConvolution0,165888,85494,1.940347,4,64000,320000,9960.0,9960.0
Case 3,ReluConvolution1,55296,74420,0.743026,4,64000,320000,14040.0,14040.0
Case 3,ReluConvolution2,147456,56304,2.618926,4,64000,320000,12960.0,12960.0
Case 3,ReluConvolution3,55296,70814,0.780863,4,64000,320000,10860.0,10860.0
Case 3,ReluConvolution4,294912,163650,1.80209,4,64000,320000,9984.0,9984.0
Case 3,ReluConvolution5,27648,55206,0.500815,4,64000,320000,10968.0,10968.0
Case 3,ReluConvolution6,147456,64006,2.303784,4,64000,320000,4416.0,4416.0
Case 3,ReluConvolution7,27648,42739,0.646903,4,64000,320000,6360.0,6360.0
Case 3,ReluConvolution8,294912,123313,2.391573,4,64000,320000,7296.0,7296.0
Case 3,ReluConvolution9,55296,83911,0.658984,4,64000,320000,12720.0,12720.0
Case 3,ReluConvolution10,589824,208397,2.83029,4,64000,320000,11136.0,11136.0
Case 3,ReluConvolution11,13824,32064,0.431138,4,64000,320000,10416.0,10416.0
Case 3,ReluConvolution12,294912,104641,2.818322,4,64000,320000,12288.0,12288.0
Case 3,ReluConvolution13,0,144303,0.0,4,64000,320000,24416.0,16224.0
Case 3,ReluConvolution14,0,2372889,0.0,4,64000,320000,30464.0,22272.0
Case 3,ReluConvolution15,0,44068,0.0,4,64000,320000,23264.0,15072.0
Case 3,ReluConvolution16,0,1222438,0.0,4,64000,320000,23264.0,39552.0
Case 3,ReluConvolution17,0,78326,0.0,4,64000,320000,36032.0,27840.0
Case 3,ReluConvolution18,0,2374881,0.0,4,64000,320000,20840.0,76800.0
Case 3,ReluConvolution19,0,78545,0.0,4,64000,320000,36032.0,27840.0
Case 3,ReluConvolution20,0,2439612,0.0,4,64000,320000,20840.0,76800.0
Case 3,ReluConvolution21,0,73004,0.0,4,64000,320000,4448.0,2400.0
Case 3,ReluConvolution22,0,4859366,0.0,4,64000,320000,16144.0,76032.0
Case 3,ReluPooling23,0,23022,0.0,4,64000,320000,1920.0,1920.0
Case 3,FullyConnected24,0,48234,0.0,4,64000,320000,12496.0,4304.0
Case 3,ReluConvolution0,165888,162881,1.018461,2,64000,320000,9960.0,9960.0
Case 3,ReluConvolution1,55296,138115,0.400362,2,64000,320000,14040.0,14040.0
Case 3,ReluConvolution2,147456,109366,1.34828,2,64000,320000,12960.0,12960.0
Case 3,ReluConvolution3,55296,132571,0.417105,2,64000,320000,10860.0,10860.0
Case 3,ReluConvolution4,294912,323534,0.911533,2,64000,320000,9984.0,9984.0
Case 3,ReluConvolution5,27648,101952,0.271186,2,64000,320000,10968.0,10968.0
Case 3,ReluConvolution6,147456,125919,1.171039,2,64000,320000,4416.0,4416.0
Case 3,ReluConvolution7,27648,81793,0.338024,2,64000,320000,6360.0,6360.0
Case 3,ReluConvolution8,294912,243893,1.209186,2,64000,320000,7296.0,7296.0
Case 3,ReluConvolution9,55296,161677,0.342015,2,64000,320000,12720.0,12720.0
Case 3,ReluConvolution10,589824,413465,1.426539,2,64000,320000,11136.0,11136.0
Case 3,ReluConvolution11,13824,59239,0.23336,2,64000,320000,10416.0,10416.0
Case 3,ReluConvolution12,294912,206268,1.429752,2,64000,320000,12288.0,12288.0
Case 3,ReluConvolution13,0,278591,0.0,2,64000,320000,24416.0,16224.0
Case 3,ReluConvolution14,0,4711070,0.0,2,64000,320000,30464.0,22272.0
Case 3,ReluConvolution15,0,85043,0.0,2,64000,320000,23264.0,15072.0
Case 3,ReluConvolution16,0,2363475,0.0,2,64000,320000,23264.0,39552.0
Case 3,ReluConvolution17,0,152691,0.0,2,64000,320000,36032.0,27840.0
Case 3,ReluConvolution18,0,4590104,0.0,2,64000,320000,20840.0,76800.0
Case 3,ReluConvolution19,0,153357,0.0,2,64000,320000,36032.0,27840.0
Case 3,ReluConvolution20,0,4698630,0.0,2,64000,320000,20840.0,76800.0
Case 3,ReluConvolution21,0,143441,0.0,2,64000,320000,4448.0,2400.0
Case 3,ReluConvolution22,0,9426877,0.0,2,64000,320000,16144.0,76032.0
Case 3,ReluPooling23,0,23119,0.0,2,64000,320000,1920.0,1920.0
Case 3,FullyConnected24,0,78730,0.0,2,64000,320000,12496.0,4304.0
Case 3,ReluConvolution0,165888,46995,3.529907,8,64000,512000,9960.0,9960.0
Case 3,ReluConvolution1,55296,42169,1.311295,8,64000,512000,14040.0,14040.0
Case 3,ReluConvolution2,147456,30074,4.903106,8,64000,512000,12960.0,12960.0
Case 3,ReluConvolution3,55296,50328,1.098712,8,64000,512000,10860.0,10860.0
Case 3,ReluConvolution4,294912,83811,3.518774,8,64000,512000,9984.0,9984.0
Case 3,ReluConvolution5,27648,31975,0.864676,8,64000,512000,10968.0,10968.0
Case 3,ReluConvolution6,147456,33116,4.452712,8,64000,512000,4416.0,4416.0
Case 3,ReluConvolution7,27648,23273,1.187986,8,64000,512000,6360.0,6360.0
Case 3,ReluConvolution8,294912,63019,4.679731,8,64000,512000,7296.0,7296.0
Case 3,ReluConvolution9,55296,45157,1.224528,8,64000,512000,12720.0,12720.0
Case 3,ReluConvolution10,589824,105894,5.569947,8,64000,512000,11136.0,11136.0
Case 3,ReluConvolution11,13824,18477,0.748173,8,64000,512000,10416.0,10416.0
Case 3,ReluConvolution12,294912,53903,5.471161,8,64000,512000,12288.0,12288.0
Case 3,ReluConvolution13,0,74761,0.0,8,64000,512000,24416.0,16224.0
Case 3,ReluConvolution14,0,1206392,0.0,8,64000,512000,30464.0,22272.0
Case 3,ReluConvolution15,0,24171,0.0,8,64000,512000,23264.0,15072.0
Case 3,ReluConvolution16,0,1222396,0.0,8,64000,512000,23264.0,39552.0
Case 3,ReluConvolution17,0,41207,0.0,8,64000,512000,36032.0,27840.0
Case 3,ReluConvolution18,0,2374761,0.0,8,64000,512000,20840.0,76800.0
Case 3,ReluConvolution19,0,41631,0.0,8,64000,512000,36032.0,27840.0
Case 3,ReluConvolution20,0,2439618,0.0,8,64000,512000,20840.0,76800.0
Case 3,ReluConvolution21,0,38293,0.0,8,64000,512000,4448.0,2400.0
Case 3,ReluConvolution22,0,4859142,0.0,8,64000,512000,16144.0,76032.0
Case 3,ReluPooling23,0,22978,0.0,8,64000,512000,1920.0,1920.0
Case 3,FullyConnected24,0,32476,0.0,8,64000,512000,12496.0,4304.0
Case 3,ReluConvolution0,165888,85494,1.940347,4,64000,512000,9960.0,9960.0
Case 3,ReluConvolution1,55296,74420,0.743026,4,64000,512000,14040.0,14040.0
Case 3,ReluConvolution2,147456,56304,2.618926,4,64000,512000,12960.0,12960.0
Case 3,ReluConvolution3,55296,70814,0.780863,4,64000,512000,10860.0,10860.0
Case 3,ReluConvolution4,294912,163650,1.80209,4,64000,512000,9984.0,9984.0
Case 3,ReluConvolution5,27648,55206,0.500815,4,64000,512000,10968.0,10968.0
Case 3,ReluConvolution6,147456,64006,2.303784,4,64000,512000,4416.0,4416.0
Case 3,ReluConvolution7,27648,42739,0.646903,4,64000,512000,6360.0,6360.0
Case 3,ReluConvolution8,294912,123313,2.391573,4,64000,512000,7296.0,7296.0
Case 3,ReluConvolution9,55296,83911,0.658984,4,64000,512000,12720.0,12720.0
Case 3,ReluConvolution10,589824,208397,2.83029,4,64000,512000,11136.0,11136.0
Case 3,ReluConvolution11,13824,32064,0.431138,4,64000,512000,10416.0,10416.0
Case 3,ReluConvolution12,294912,104641,2.818322,4,64000,512000,12288.0,12288.0
Case 3,ReluConvolution13,0,144303,0.0,4,64000,512000,24416.0,16224.0
Case 3,ReluConvolution14,0,2372889,0.0,4,64000,512000,30464.0,22272.0
Case 3,ReluConvolution15,0,44068,0.0,4,64000,512000,23264.0,15072.0
Case 3,ReluConvolution16,0,1222438,0.0,4,64000,512000,23264.0,39552.0
Case 3,ReluConvolution17,0,78326,0.0,4,64000,512000,36032.0,27840.0
Case 3,ReluConvolution18,0,2374881,0.0,4,64000,512000,20840.0,76800.0
Case 3,ReluConvolution19,0,78545,0.0,4,64000,512000,36032.0,27840.0
Case 3,ReluConvolution20,0,2439612,0.0,4,64000,512000,20840.0,76800.0
Case 3,ReluConvolution21,0,73004,0.0,4,64000,512000,4448.0,2400.0
Case 3,ReluConvolution22,0,4859366,0.0,4,64000,512000,16144.0,76032.0
Case 3,ReluPooling23,0,23022,0.0,4,64000,512000,1920.0,1920.0
Case 3,FullyConnected24,0,48234,0.0,4,64000,512000,12496.0,4304.0
Case 3,ReluConvolution0,165888,162881,1.018461,2,64000,512000,9960.0,9960.0
Case 3,ReluConvolution1,55296,138115,0.400362,2,64000,512000,14040.0,14040.0
Case 3,ReluConvolution2,147456,109366,1.34828,2,64000,512000,12960.0,12960.0
Case 3,ReluConvolution3,55296,132571,0.417105,2,64000,512000,10860.0,10860.0
Case 3,ReluConvolution4,294912,323534,0.911533,2,64000,512000,9984.0,9984.0
Case 3,ReluConvolution5,27648,101952,0.271186,2,64000,512000,10968.0,10968.0
Case 3,ReluConvolution6,147456,125919,1.171039,2,64000,512000,4416.0,4416.0
Case 3,ReluConvolution7,27648,81793,0.338024,2,64000,512000,6360.0,6360.0
Case 3,ReluConvolution8,294912,243893,1.209186,2,64000,512000,7296.0,7296.0
Case 3,ReluConvolution9,55296,161677,0.342015,2,64000,512000,12720.0,12720.0
Case 3,ReluConvolution10,589824,413465,1.426539,2,64000,512000,11136.0,11136.0
Case 3,ReluConvolution11,13824,59239,0.23336,2,64000,512000,10416.0,10416.0
Case 3,ReluConvolution12,294912,206268,1.429752,2,64000,512000,12288.0,12288.0
Case 3,ReluConvolution13,0,278591,0.0,2,64000,512000,24416.0,16224.0
Case 3,ReluConvolution14,0,4711070,0.0,2,64000,512000,30464.0,22272.0
Case 3,ReluConvolution15,0,85043,0.0,2,64000,512000,23264.0,15072.0
Case 3,ReluConvolution16,0,2363475,0.0,2,64000,512000,23264.0,39552.0
Case 3,ReluConvolution17,0,152691,0.0,2,64000,512000,36032.0,27840.0
Case 3,ReluConvolution18,0,4590104,0.0,2,64000,512000,20840.0,76800.0
Case 3,ReluConvolution19,0,153357,0.0,2,64000,512000,36032.0,27840.0
Case 3,ReluConvolution20,0,4698630,0.0,2,64000,512000,20840.0,76800.0
Case 3,ReluConvolution21,0,143441,0.0,2,64000,512000,4448.0,2400.0
Case 3,ReluConvolution22,0,9426877,0.0,2,64000,512000,16144.0,76032.0
Case 3,ReluPooling23,0,23119,0.0,2,64000,512000,1920.0,1920.0
Case 3,FullyConnected24,0,78730,0.0,2,64000,512000,12496.0,4304.0
